{
	"UID": "441DFA34-4DA9-4C43-A2CE-598B02661CCA",
	"Actions": [],
	"CreationDate": 570384177.660208,
	"ModificationDate": 570384177.660208,
	"Triggers": []
}